date,stock,action,amount,price,value
2024-11-18,SH601888,BUY,934.3013991722149,10.35916805267334,9678.58520587281
2024-11-18,SZ002129,BUY,2422.9637236081767,3.871187686920166,9379.74733268621
2024-11-18,SZ000708,BUY,1390.9207658847502,6.777698993682861,9427.242275229666
2024-11-18,SZ000661,BUY,133.44476021108807,71.97366333007812,9604.508244595858
2024-11-18,SZ002050,BUY,183.22249274814683,51.177677154541016,9376.90158131489
2024-11-18,SH603195,BUY,5313.222521987644,1.837402105331421,9762.526247994418
2024-11-18,SZ002311,BUY,1241.3029886246284,7.6796979904174805,9532.832067239771
2024-11-18,SH600031,BUY,135.7769574208589,69.5257797241211,9439.998833254005
2024-11-18,SZ002475,BUY,268.8619836318556,34.286067962646484,9218.220243373748
2024-11-18,SH600276,BUY,21.49451123387468,451.2986145019531,9700.44313924431
2024-11-19,SZ000786,BUY,612.6418425889367,17.681047439575195,10832.149482283749
2024-11-19,SZ002475,SELL,268.8619836318556,34.286067962646484,9218.220243373748
2024-11-19,SZ002821,BUY,1263.273639833117,8.470065116882324,10700.00998982745
2024-11-19,SZ002129,SELL,2422.9637236081767,3.871187686920166,9379.74733268621
2024-11-20,SZ000876,BUY,275.6602607358238,34.93785858154297,9630.979206139473
2024-11-20,SZ000708,SELL,1390.9207658847502,6.643191337585449,9240.15278319329
2024-11-20,SH601888,SELL,934.3013991722149,10.335108757019043,9656.106572279903
2024-11-20,SZ300347,BUY,473.9142857366616,20.01076889038086,9483.389245726254
2024-11-21,SZ000786,SELL,612.6418425889367,18.725961685180664,11472.307671058912
2024-11-21,SH600745,BUY,539.2741661416675,11.202932357788086,6041.452005587675
2024-11-21,SH600026,BUY,2330.63433370517,2.565472364425659,5979.177974702223
2024-11-22,SZ000661,SELL,133.44476021108807,72.79662322998047,9714.327931101667
2024-11-22,SZ002709,BUY,3709.229187810822,5.42629337310791,20127.3657611563
2024-11-22,SZ300347,SELL,473.9142857366616,20.19536018371582,9570.869696660298
2024-11-25,SZ000895,BUY,181.7357961750497,83.24456787109375,15128.517819301185
2024-11-25,SH600436,BUY,136.35008480892165,110.13810729980469,15017.340271022482
2024-11-25,SZ002821,SELL,1263.273639833117,8.476974487304688,10708.738415349862
2024-11-25,SZ002709,SELL,3709.229187810822,5.42629337310791,20127.3657611563
2024-11-26,SH600745,SELL,539.2741661416675,11.34901237487793,6120.229184993761
2024-11-26,SH600031,SELL,135.7769574208589,70.556884765625,9579.999138570714
2024-11-26,SZ000792,BUY,1187.7480999873471,6.87557315826416,8166.448955052259
2024-11-26,SH600584,BUY,1374.8282212192298,6.104746341705322,8392.97755396133
2024-11-27,SZ300782,BUY,1172.434316308882,10.40299129486084,12196.82398635742
2024-11-27,SZ000895,SELL,181.7357961750497,82.47876739501953,14989.344460070604
2024-11-27,SZ002709,BUY,2277.1220776547907,5.527719497680664,12587.29210725149
2024-11-27,SH600276,SELL,21.49451123387468,450.4126892089844,9681.400608082218
2024-11-28,SZ000876,SELL,275.6602607358238,35.57368469238281,9806.25119763623
2024-11-28,SH600584,SELL,1374.8282212192298,6.202465534210205,8527.324657571797
2024-11-28,SZ002371,BUY,838.957161379433,11.019890785217285,9245.216291877265
2024-11-28,SZ002007,BUY,70.51198320352265,129.4494171142578,9127.735125266345
2024-11-29,SH600436,SELL,136.35008480892165,108.16495513916016,14748.300806577692
2024-11-29,SH603501,BUY,623.7828172403501,16.991125106811523,10598.771887210138
2024-11-29,SH600026,SELL,2330.63433370517,2.7400548458099365,6386.0658998798635
2024-11-29,SZ002603,BUY,5186.641823437111,2.061609983444214,10692.83256374725
2024-12-02,SH601012,BUY,794.0434593052738,11.719359397888184,9305.680677140905
2024-12-02,SZ000792,SELL,1187.7480999873471,7.026922225952148,8346.213522633525
2024-12-02,SH603501,SELL,623.7828172403501,16.991125106811523,10598.771887210138
2024-12-02,SH600132,BUY,727.8239224647484,13.101861000061035,9535.847864652334
2024-12-03,SZ000708,BUY,2384.722363880376,4.114344596862793,9811.569572849094
2024-12-03,SH603195,SELL,5313.222521987644,1.8795700073242188,9986.57369456752
2024-12-03,SZ300015,BUY,438.3731801420559,22.13739776611328,9704.441458800724
2024-12-03,SH600132,SELL,727.8239224647484,13.101861000061035,9535.847864652334
2024-12-04,SH601799,BUY,1624.9147049553444,6.397285461425781,10395.043218067787
2024-12-04,SH603986,BUY,691.2715247520342,14.867749214172363,10277.651668911789
2024-12-04,SZ002050,SELL,183.22249274814683,56.08512878417969,10276.057101938244
2024-12-04,SZ002603,SELL,5186.641823437111,1.9807627201080322,10273.506766417377
2024-12-05,SZ000708,SELL,2384.722363880376,4.215449810028076,10052.677435789237
2024-12-05,SH603019,BUY,1160.887547194463,8.772417068481445,10183.789733596266
2024-12-05,SH600026,BUY,3692.685014299466,2.606898546218872,9626.455195421493
2024-12-05,SZ002007,SELL,70.51198320352265,137.87950134277344,9722.157082791718
2024-12-06,SZ300628,BUY,14847.033554235057,0.7363506555557251,10932.62289071883
2024-12-06,SZ002709,SELL,2277.1220776547907,5.531945705413818,12596.91569818541
2024-12-06,SZ002648,BUY,6658.131367073911,1.727008581161499,11498.650005437186
2024-12-06,SZ300015,SELL,438.3731801420559,22.60403060913086,9909.000782153067
2024-12-09,SH601698,BUY,1440.7074977135119,3.94895601272583,5689.290535674958
2024-12-09,SZ002311,SELL,1241.3029886246284,8.299363136291504,10302.024264759713
2024-12-10,SH601799,SELL,1624.9147049553444,6.307012557983398,10248.357449805246
2024-12-10,SZ002648,SELL,6658.131367073911,1.7345335483551025,11548.75222554512
2024-12-10,SZ002916,BUY,1846.011378334797,7.629140853881836,14083.480823184718
2024-12-11,SZ300782,SELL,1172.434316308882,12.888035774230957,15110.375411524885
2024-12-11,SH600584,BUY,1653.8232616658618,7.334381580352783,12129.770867521058
2024-12-11,SZ000408,BUY,10836.659671329548,1.1172561645507812,12107.32482093178
2024-12-11,SH600026,SELL,3692.685014299466,2.3228323459625244,8577.488194665886
2024-12-12,SH600584,SELL,1653.8232616658618,7.334381580352783,12129.770867521058
2024-12-12,SZ000708,BUY,3059.054699895423,4.143036842346191,12673.776324419008
2024-12-12,SH600026,BUY,5543.544369624788,2.219266653060913,12302.603159271872
2024-12-12,SH603986,SELL,691.2715247520342,19.155961990356445,13241.971053165713
2024-12-13,SZ300782,BUY,943.4855315935017,12.805981636047363,12082.258391462767
2024-12-13,SH603019,SELL,1160.887547194463,10.861948013305664,12609.500186920182
2024-12-13,SZ002371,SELL,838.957161379433,12.639345169067383,10603.869144735621
2024-12-16,SH600584,BUY,1628.667325019107,7.641111850738525,12444.829198114112
2024-12-16,SZ300628,SELL,14847.033554235057,0.7890065312385559,11714.40644380945
2024-12-16,SZ000408,SELL,10836.659671329548,1.0772521495819092,11673.81492522734
2024-12-16,SH603501,BUY,566.420767647984,20.573171615600586,11653.071659462199
2024-12-17,SH603501,SELL,566.420767647984,20.573171615600586,11653.071659462199
2024-12-17,SH601012,SELL,794.0434593052738,13.465690612792969,10692.34355611668
2024-12-17,SH601689,BUY,4929.804342531323,2.292088508605957,11299.54788319179
2024-12-18,SH601698,SELL,1440.7074977135119,4.220417499542236,6080.387135071812
2024-12-18,SH600438,BUY,644.4877011436702,16.374032974243164,10552.862870020628
2024-12-18,SZ002916,SELL,1846.011378334797,7.808920860290527,14415.356760612265
2024-12-18,SZ300142,BUY,2114.8784855521208,5.193604469299316,10983.842354588463
2024-12-19,SZ300142,SELL,2114.8784855521208,5.193604469299316,10983.842354588463
2024-12-19,SZ002049,BUY,223.72769255762194,49.536556243896484,11082.69942569782
2024-12-19,SH600026,SELL,5543.544369624788,2.1216189861297607,11761.288985048686
2024-12-19,SZ002371,BUY,877.9774239590104,13.10366439819336,11504.721512749202
2024-12-20,SZ002709,BUY,1487.726493437144,5.90172815322876,8780.157330622294
2024-12-20,SH600438,SELL,644.4877011436702,16.32761573791504,10522.947532086073
2024-12-20,SH600745,BUY,643.177929099093,12.65445613861084,8139.066893107025
2024-12-23,SZ300782,SELL,943.4855315935017,12.206415176391602,11516.576111548817
2024-12-23,SH600132,BUY,646.9142671379299,14.817367553710938,9585.566471922251
2024-12-24,SZ300628,BUY,23591.087213035382,0.5006610751152039,11811.139087214833
2024-12-24,SH600745,SELL,643.177929099093,12.952412605285645,8330.705916304609
2024-12-24,SZ002371,SELL,877.9774239590104,14.867105484008789,13052.982974576913
2024-12-25,SZ002709,SELL,1487.726493437144,5.781284809112549,8600.97057662244
2024-12-25,SZ002920,BUY,6432.790807930014,1.6798428297042847,10806.077513688866
2024-12-25,SH600926,BUY,12142.00146319506,0.9058136343955994,10998.390474213402
2024-12-25,SH600132,SELL,646.9142671379299,14.538277626037598,9405.019215895876
2024-12-26,SH600026,BUY,5618.027466047257,1.9618316888809204,11021.624311894888
2024-12-26,SH600584,SELL,1628.667325019107,8.034704208374023,13085.860210372282
2024-12-26,SZ300223,BUY,1571.6462533934728,6.6520586013793945,10454.68297821175
2024-12-26,SH601689,SELL,4929.804342531323,2.075960874557495,10234.080934318661
2024-12-27,SZ000708,SELL,3059.054699895423,3.8694159984588623,11836.755195936123
2024-12-27,SZ002049,SELL,223.72769255762194,50.80672836303711,11366.872103064177
2024-12-27,SZ002603,BUY,6608.349216238513,1.767006754875183,11676.997703667574
2024-12-27,SH601865,BUY,12442.089341053123,0.8815816640853882,10968.717825984682
2024-12-30,SZ002920,SELL,6432.790807930014,1.667046070098877,10723.75863612791
2024-12-30,SH600926,SELL,12142.00146319506,0.8894742727279663,10799.997920937329
2024-12-30,SH600570,BUY,68.85768619491937,165.50137329101562,11396.041626900964
2024-12-31,SZ300782,BUY,959.7077505352332,10.901022911071777,10461.796176517735
2024-12-31,SZ000408,BUY,7822.763872422225,1.411571741104126,11042.392419641496
2024-12-31,SZ300223,SELL,1571.6462533934728,6.477287769317627,10180.005054799412
2024-12-31,SH600570,SELL,68.85768619491937,165.50137329101562,11396.041626900964
2025-01-02,SH600809,BUY,209.99259070914746,54.071533203125,11354.621340939906
2025-01-02,SZ300014,BUY,2999.2289151055115,3.7399635314941406,11217.006765097349
2025-01-02,SZ000408,SELL,7822.763872422225,1.411571741104126,11042.392419641496
2025-01-02,SZ300502,BUY,4293.102272402513,2.6258115768432617,11272.877647446634
2025-01-02,SZ002603,SELL,6608.349216238513,1.7008589506149292,11239.869913228427
2025-01-03,SH600600,BUY,1050.9339461406007,10.75866413116455,11306.6453505661
2025-01-03,SH600026,SELL,5618.027466047257,1.935200572013855,10872.0099658842
2025-01-03,SH601865,SELL,12442.089341053123,0.8709361553192139,10836.265454834978
2025-01-06,SH603659,BUY,2927.4557839150025,3.743945837020874,10960.235895251253
2025-01-06,SZ300782,SELL,959.7077505352332,10.798505783081055,10363.409694222426
2025-01-06,SH601888,BUY,808.6816311400453,13.658062934875488,11045.024612388504
2025-01-06,SZ300628,SELL,23591.087213035382,0.49916374683380127,11775.81548514172
2025-01-06,SZ300832,BUY,3099.4545034543626,3.610619306564331,11190.950269990084
2025-01-06,SH601689,BUY,4728.031458518639,2.307255268096924,10908.775490395112
2025-01-07,SH600809,SELL,209.99259070914746,57.26371383666992,12024.955622189571
2025-01-07,SZ002714,BUY,725.8505027772096,16.3701171875,11882.257791068716
2025-01-07,SZ300502,SELL,4293.102272402513,2.7790675163269043,11930.821069503041
2025-01-07,SH603259,BUY,3322.970706439469,3.5272929668426514,11721.091201848096
2025-01-08,SH603659,SELL,2927.4557839150025,3.871156692504883,11332.64004991469
2025-01-08,SH601888,SELL,808.6816311400453,13.349292755126953,10795.327839782054
2025-01-08,SZ002920,BUY,6346.120368263427,1.870935320854187,11873.180747376226
2025-01-08,SZ000661,BUY,266.8647036332486,42.393333435058594,11313.2843631724
2025-01-09,SZ300014,SELL,2999.2289151055115,4.062070369720459,12183.078908058937
2025-01-09,SZ002714,SELL,725.8505027772096,16.18845558166504,11750.398623138093
2025-01-09,SZ002938,BUY,5361.228248528048,2.2040953636169434,11816.658325872857
2025-01-10,SH600600,SELL,1050.9339461406007,11.440323829650879,12023.024667421347
2025-01-10,SZ000661,SELL,266.8647036332486,42.6655158996582,11385.920255921943
2025-01-13,SZ002714,BUY,712.71657000635,15.981352806091309,11390.174956018755
2025-01-13,SZ002241,BUY,550.1028252123863,20.15657615661621,11088.1894903632
2025-01-13,SH601689,SELL,4728.031458518639,2.401099920272827,11352.475958096522
2025-01-13,SH603259,SELL,3322.970706439469,3.7088711261749268,12324.470106238445
2025-01-13,SZ001979,BUY,2354.51256183838,4.8962721824646,11528.33435979272
2025-01-13,SH600415,BUY,68.78444562341669,170.09246826171875,11699.716134100921
2025-01-14,SH603392,BUY,1018.1536460239533,11.507936477661133,11716.847482942734
2025-01-14,SZ000408,BUY,7170.364704309629,1.7744656801223755,12723.566081758261
2025-01-14,SZ000661,BUY,271.7995355656953,42.975215911865234,11680.64372568045
2025-01-14,SZ001979,SELL,2354.51256183838,4.8962721824646,11528.33435979272
2025-01-14,SH600415,SELL,68.78444562341669,170.09246826171875,11699.716134100921
2025-01-15,SZ002938,SELL,5361.228248528048,2.158681869506836,11573.186218385386
2025-01-15,SZ000408,SELL,7170.364704309629,1.7744656801223755,12723.566081758261
2025-01-15,SZ300759,BUY,1691.1751491329098,7.1548004150390625,12100.020658919892
2025-01-15,SH601689,BUY,4868.94686865513,2.450392246246338,11930.829654337917
2025-01-16,SH603392,SELL,1018.1536460239533,10.560317039489746,10752.025296925365
2025-01-16,SZ000408,BUY,7171.57204510712,1.6687407493591309,11967.49450863505
2025-01-16,SZ000661,SELL,271.7995355656953,45.64196014404297,12405.463569458854
2025-01-16,SH601100,BUY,1615.404895533723,7.306351184844971,11802.715472487183
2025-01-17,SZ000408,SELL,7171.57204510712,1.6687407493591309,11967.49450863505
2025-01-17,SZ000983,BUY,3860.1150970381923,3.127213954925537,12071.40579907658
2025-01-20,SZ300832,SELL,3099.4545034543626,3.5482301712036133,10997.577983429683
2025-01-20,SZ300413,BUY,1484.426528071643,7.9299635887146,11771.448317730159
2025-01-20,SZ300759,SELL,1691.1751491329098,7.66403865814209,12961.231720643835
2025-01-20,SZ300502,BUY,4102.968137191766,2.8630456924438477,11746.985251421243
2025-01-21,SZ002920,SELL,6346.120368263427,1.8896862268447876,11992.176253806569
2025-01-21,SH600918,BUY,5377.263343620056,2.2583200931549072,12143.581855082512
2025-01-21,SZ002938,BUY,5745.472608519473,2.090341329574585,12009.998851526954
2025-01-21,SZ300759,BUY,1580.7244042859788,7.656763076782227,12103.232253305463
2025-01-21,SZ000983,SELL,3860.1150970381923,3.120567798614502,12045.750870763077
2025-01-22,SH600600,BUY,1088.1539814101511,10.964351654052734,11930.90290593846
2025-01-22,SZ002714,SELL,712.71657000635,15.85495376586914,11300.088265619517
2025-01-22,SZ300450,BUY,628.469166551044,18.824325561523438,11830.50819653615
2025-01-22,SZ300759,SELL,1580.7244042859788,7.656763076782227,12103.232253305463
2025-01-23,SZ002920,BUY,6415.439058273101,1.8094736337661743,11608.567824978873
2025-01-23,SH600918,SELL,5377.263343620056,2.2313787937164307,11998.7113931825
2025-01-23,SZ300413,SELL,1484.426528071643,8.240191459655762,12231.958799102405
2025-01-24,SZ300782,BUY,1739.6223448398266,6.821350574493408,11866.573881374721
2025-01-24,SZ300450,SELL,628.469166551044,18.75507354736328,11786.985440914934
2025-01-24,SZ300832,BUY,3448.9458853665597,3.5584068298339844,12272.752594216185
2025-01-24,SZ300502,SELL,4102.968137191766,3.2028515338897705,13141.197791705501
2025-01-24,SZ002007,BUY,73.77535544440663,166.55648803710938,12287.764106509805
2025-01-27,SH600809,BUY,209.94746865247822,59.37987518310547,12466.654483593105
2025-01-27,SZ002938,SELL,5745.472608519473,2.1687681674957275,12460.598100575677
2025-01-27,SZ300661,BUY,1186.041053415838,10.730437278747559,12726.739133698333
2025-01-27,SZ002241,SELL,550.1028252123863,22.91303062438965,12604.522880654673
2025-02-05,SH603659,BUY,2936.2747731676436,4.287912368774414,12590.488917985826
2025-02-05,SH600600,SELL,1088.1539814101511,11.707207679748535,12739.244647913865
2025-02-05,SZ002938,BUY,5882.176767688136,2.299330949783325,13525.071094041772
2025-02-05,SZ002007,SELL,73.77535544440663,169.10012817382812,12475.42206171889
2025-02-06,SH600809,SELL,209.94746865247822,60.56047439575195,12714.518299781343
2025-02-06,SZ300014,BUY,2596.714514095634,4.952016830444336,12858.973977660666
2025-02-06,SH600918,BUY,5672.4623082971375,2.188589572906494,12414.691860644218
2025-02-06,SZ300661,SELL,1186.041053415838,11.286757469177246,13386.557718392058
2025-02-07,SH603659,SELL,2936.2747731676436,4.324747562408447,12698.647167818182
2025-02-07,SZ300014,SELL,2596.714514095634,4.952016830444336,12858.973977660666
2025-02-07,SH600584,BUY,1546.166431376092,8.34686279296875,12905.639057790373
2025-02-07,SH601788,BUY,19167.212565572616,0.6435853242874146,12335.736714699859
2025-02-10,SZ300782,SELL,1739.6223448398266,7.509405612945557,13063.529800745704
2025-02-10,SH600233,BUY,1693.0375114203455,5.283066272735596,8944.429375061032
2025-02-10,SH603392,BUY,669.7283752895769,13.095237731933594,8770.25229023865
2025-02-11,SH601100,SELL,1615.404895533723,5.241267204284668,8466.768700601802
2025-02-11,SH601788,SELL,19167.212565572616,0.707943856716156,13569.310386169846
2025-02-11,SZ300502,BUY,4353.917969960204,3.4264228343963623,14918.363951360298
2025-02-12,SH603392,SELL,669.7283752895769,13.417459487915039,8986.053343355057
2025-02-12,SZ000166,BUY,3647.762916955545,2.410435199737549,8792.696135326962
2025-02-12,SZ002007,BUY,49.97718812631439,164.64004516601562,8228.24651038686
2025-02-13,SH601100,BUY,910.9930690229104,4.990965843200684,4546.735290885908
2025-02-17,SZ300832,SELL,3448.9458853665597,3.5457963943481445,12229.259884634615
2025-02-18,SH601601,BUY,14527.616868154724,0.9340848326683044,13570.026571359542
2025-02-18,SZ000166,SELL,3647.762916955545,2.844224214553833,10375.055617356484
2025-02-19,SH600584,SELL,1546.166431376092,11.297444343566895,17467.729204362844
2025-02-19,SH600918,SELL,5672.4623082971375,3.2947704792022705,18689.461357764976
2025-02-19,SH600036,BUY,1540.3349795388099,14.977450370788574,23070.29071043216
2025-02-20,SZ000725,BUY,15851.281369320275,1.133421540260315,17966.18374471462
2025-02-20,SZ000661,BUY,318.3562956400811,58.50379180908203,18625.050441237876
2025-02-20,SH601689,SELL,4868.94686865513,3.3139538764953613,16135.46534982962
2025-02-20,SZ300502,SELL,4353.917969960204,3.7818007469177246,16465.650230814
2025-02-21,SZ002920,SELL,6415.439058273101,2.5713207721710205,16496.151713134914
2025-02-21,SZ002304,BUY,2425.7233200216842,6.948732852935791,16855.703325967155
2025-02-21,SH601601,SELL,14527.616868154724,0.8768282532691956,12738.224922668209
2025-02-21,SZ300832,BUY,3909.939452523486,4.33849573135376,16963.255624624802
2025-02-24,SH601888,BUY,655.169741936935,25.396671295166016,16639.13057851108
2025-02-24,SZ002304,SELL,2425.7233200216842,6.948732852935791,16855.703325967155
2025-02-24,SZ300832,SELL,3909.939452523486,4.33849573135376,16963.255624624802
2025-02-25,SZ000725,SELL,15851.281369320275,1.1557329893112183,18319.848801377742
2025-02-25,SH601788,BUY,11622.667462144836,1.2527873516082764,14560.730788524117
2025-02-25,SZ002466,BUY,5284.724245610453,2.756148099899292,14565.48268803097
2025-02-25,SZ002007,SELL,49.97718812631439,193.28219604492188,9659.70067320424
2025-02-26,SH600036,SELL,1540.3349795388099,13.87474536895752,21371.75562399938
2025-02-26,SZ002938,SELL,5882.176767688136,2.22491455078125,13087.340680696754
2025-02-27,SH603659,BUY,3021.88356685659,4.5487589836120605,13745.82002216857
2025-02-27,SZ002938,BUY,6552.544879257408,2.105491876602173,13796.330014347637
2025-02-27,SZ000661,SELL,318.3562956400811,60.503204345703125,19261.576009852903
2025-02-27,SH603986,BUY,677.935079721648,19.740812301635742,13382.989161479516
2025-02-28,SH601888,SELL,655.169741936935,25.238079071044922,16535.22575196046
2025-02-28,SH601788,SELL,11622.667462144836,1.0954174995422363,12731.673329393607
2025-02-28,SH600999,BUY,17146.385095985544,1.1101380586624146,19034.854663535552
2025-02-28,SZ300759,BUY,1749.3342832667356,9.721556663513184,17006.252358203794
2025-03-03,SZ002938,SELL,6552.544879257408,2.142031669616699,14035.758647954099
2025-03-03,SZ002241,BUY,622.8885586371756,27.909107208251953,17384.263561798467
2025-03-03,SH600999,SELL,17146.385095985544,1.1101380586624146,19034.854663535552
2025-03-03,SZ300502,BUY,4302.384771329514,3.9925806522369385,17177.61819648906
2025-03-04,SH603659,SELL,3021.88356685659,4.588592529296875,13866.192359283143
2025-03-04,SZ002129,BUY,2513.188527332136,6.1678786277771,15501.041805306484
2025-03-04,SZ002049,BUY,178.74642024472558,87.6231689453125,15662.327779473417
2025-03-04,SH603986,SELL,677.935079721648,20.452804565429688,13865.673693595862
2025-03-05,SZ300661,BUY,929.0790194338172,15.173868179321289,14097.722569061823
2025-03-05,SZ002241,SELL,622.8885586371756,29.071985244750977,18108.60698582417
2025-03-05,SH601100,SELL,910.9930690229104,5.971945285797119,5440.400763945219
2025-03-05,SH600803,BUY,3695.9999231078205,3.726652145385742,13773.706042795297
2025-03-06,SH603392,BUY,711.9177601500797,16.66666603088379,11865.295549876208
2025-03-06,SH600233,SELL,1693.0375114203455,5.780168056488037,9786.041341947881
2025-03-06,SH600803,SELL,3695.9999231078205,3.726652145385742,13773.706042795297
2025-03-07,SZ002049,SELL,178.74642024472558,82.43356323242188,14734.70433581264
2025-03-07,SH600760,BUY,1408.6805088923632,9.46493911743164,13333.075252578838
2025-03-07,SH600460,BUY,984.3258072639621,13.603482246398926,13390.2586437876
2025-03-07,SH600918,BUY,4999.048941138262,2.589540481567383,12945.23960241409
2025-03-07,SZ300661,SELL,929.0790194338172,13.666459083557129,12697.220404483642
2025-03-07,SZ002241,BUY,456.6516186562573,29.27872085571289,13370.17527094601
2025-03-10,SH600460,SELL,984.3258072639621,13.603482246398926,13390.2586437876
2025-03-10,SH600760,SELL,1408.6805088923632,9.46493911743164,13333.075252578838
2025-03-10,SZ002459,BUY,15881.889171005065,0.8005984425544739,12715.015735129418
2025-03-11,SH600809,BUY,175.4948035442094,76.08319854736328,13352.205982084597
2025-03-11,SZ002129,SELL,2513.188527332136,5.6907501220703125,14301.927918701062
2025-03-11,SH600918,SELL,4999.048941138262,2.6497621536254883,13246.290688349738
2025-03-11,SZ002180,BUY,2549.7177989227584,5.193591117858887,13242.191713531949
2025-03-12,SZ002241,SELL,456.6516186562573,34.13697052001953,15588.702843987858
2025-03-12,SZ002466,SELL,5284.724245610453,2.5320472717285156,13381.171607935486
2025-03-12,SZ300760,BUY,2814.655101019341,4.872944355010986,13715.657685815077
2025-03-12,SH601689,BUY,4300.784976120167,3.1926190853118896,13730.768196583884
2025-03-12,SZ000807,BUY,871.7480142673811,16.18500328063965,14109.244470808662
2025-03-13,SH603392,SELL,711.9177601500797,19.293651580810547,13735.49321852669
2025-03-13,SZ300760,SELL,2814.655101019341,4.872944355010986,13715.657685815077
2025-03-13,SH600760,BUY,1521.2688117264975,9.17503547668457,13957.695317164395
2025-03-13,SH600161,BUY,544.6659266289583,26.76227569580078,14576.499690552984
2025-03-14,SH601788,BUY,13052.713122740975,1.07136869430542,13984.26821545422
2025-03-14,SZ000661,BUY,215.48798250407188,63.778133392333984,13743.421292589628
2025-03-14,SH600760,SELL,1521.2688117264975,9.17503547668457,13957.695317164395
2025-03-14,SZ002180,SELL,2549.7177989227584,5.412179470062256,13799.530325782076
2025-03-17,SZ300394,BUY,2254.987624998273,6.497622489929199,14652.05830670081
2025-03-17,SH600161,SELL,544.6659266289583,27.026500701904297,14720.414048340897
2025-03-17,SH601633,BUY,2397.4395216926564,5.810182094573975,13929.560181762667
2025-03-17,SZ002459,SELL,15881.889171005065,0.8408641815185547,13354.51173874557
2025-03-18,SZ300124,BUY,1250.2230803304612,11.136301040649414,13922.860590528031
2025-03-18,SZ300832,BUY,3825.712744285228,3.6382741928100586,13918.991946637492
2025-03-18,SH601788,SELL,13052.713122740975,1.0651885271072388,13903.600265965786
2025-03-18,SH601633,SELL,2397.4395216926564,5.810182094573975,13929.560181762667
2025-03-19,SZ300124,SELL,1250.2230803304612,11.136301040649414,13922.860590528031
2025-03-19,SZ300408,BUY,5342.565865801124,2.8273329734802246,15105.212635369444
2025-03-19,SZ002241,BUY,435.68321716396207,34.696876525878906,15116.846790335678
2025-03-19,SZ300502,SELL,4302.384771329514,4.2873382568359375,18445.77882574936
2025-03-20,SZ300832,SELL,3825.712744285228,3.5639379024505615,13634.602653246277
2025-03-20,SZ300759,SELL,1749.3342832667356,9.607721328735352,16807.116304429786
2025-03-20,SZ002812,BUY,1769.121965246512,8.636757850646973,15279.478022094812
2025-03-20,SZ002007,BUY,65.94635290188208,215.93109130859375,14239.867949925047
2025-03-21,SH603806,BUY,5665.351099136096,2.674104928970337,15149.743298547352
2025-03-21,SH600809,SELL,175.4948035442094,73.12732696533203,12833.465879494112
2025-03-21,SZ300502,BUY,3509.0972900849824,3.9186129570007324,13750.79410830317
2025-03-21,SZ002007,SELL,65.94635290188208,215.93109130859375,14239.867949925047
2025-03-24,SH601628,BUY,10939.689790524379,1.2453901767730713,13624.18220206372
2025-03-24,SZ002241,SELL,435.68321716396207,32.741512298583984,14264.9274130605
2025-03-24,SH601788,BUY,14156.464238190007,0.9844054579734802,13935.700661680628
2025-03-24,SZ000807,SELL,871.7480142673811,14.77657413482666,12881.449159709886
2025-03-25,SH603806,SELL,5665.351099136096,2.6708128452301025,15131.092488311166
2025-03-25,SZ002601,BUY,6237.499374460305,2.20454478263855,13750.846702677683
2025-03-25,SZ300502,SELL,3509.0972900849824,3.8490943908691406,13506.846696280207
2025-03-26,SH600918,BUY,5342.417783316634,2.6006338596343994,13893.672579606191
2025-03-26,SZ300394,SELL,2254.987624998273,5.835682392120361,13159.391577651735
2025-03-26,SH601066,BUY,2812.927384485848,4.826719760894775,13577.2121926599
2025-03-26,SZ002812,SELL,1769.121965246512,8.139998435974121,14400.650030154071
2025-03-26,SH600415,BUY,72.07265864093483,190.3914794921875,13722.020109582974
2025-03-27,SH600584,BUY,1196.5051753085545,12.345213890075684,14771.112309766608
2025-03-27,SH600918,SELL,5342.417783316634,2.6006338596343994,13893.672579606191
2025-03-27,SZ300408,SELL,5342.565865801124,2.7825968265533447,14866.206823830431
2025-03-27,SH603392,BUY,845.3495950241422,16.50634765625,13953.634306538637
2025-03-28,SZ000596,BUY,303.8633924296751,51.602272033691406,15680.041437236421
2025-03-28,SZ000768,BUY,1690.038863974406,9.477408409118652,16017.18854116837
2025-03-28,SH601689,SELL,4300.784976120167,4.240853309631348,18238.998199991987
2025-03-28,SH600415,SELL,72.07265864093483,192.50360107421875,13874.246327372864
2025-03-31,SH600584,SELL,1196.5051753085545,12.793094635009766,15307.003939001288
2025-03-31,SH601788,SELL,14156.464238190007,1.038702368736267,14704.352937138216
2025-03-31,SZ300394,BUY,2586.084561788964,5.529502868652344,14299.762002989615
2025-03-31,SH600893,BUY,962.1621993420529,16.082386016845703,15473.863900636139
2025-04-01,SZ000786,BUY,645.1839893616313,22.837610244750977,14734.460485194497
2025-04-01,SH603392,SELL,845.3495950241422,17.345237731933594,14662.789692287535
2025-04-01,SZ300394,SELL,2586.084561788964,5.529502868652344,14299.762002989615
2025-04-01,SZ002241,BUY,433.54610283080655,32.60369110107422,14135.203214770176
2025-04-02,SH601628,SELL,10939.689790524379,1.4413012266159058,15767.388313880288
2025-04-02,SH603392,BUY,922.6279827300291,16.626983642578125,15340.520377037046
2025-04-02,SZ300122,BUY,947.3692456240277,16.105112075805664,15257.48787794643
2025-04-02,SH600893,SELL,962.1621993420529,14.95818042755127,14392.195778327978
2025-04-03,SH601888,BUY,516.7420641788625,26.751558303833008,13823.655457923858
2025-04-03,SH601628,BUY,9796.733848214932,1.4079145193099976,13792.963826717509
2025-04-03,SH601066,SELL,2812.927384485848,4.660160064697266,13108.69186207428
2025-04-03,SZ000661,SELL,215.48798250407188,57.70659637451172,12435.07802992032
2025-04-07,SH603806,BUY,5840.488457157312,2.4732728004455566,14445.121242403413
2025-04-07,SH601888,SELL,516.7420641788625,26.751558303833008,13823.655457923858
2025-04-07,SH603392,SELL,922.6279827300291,16.789682388305664,15490.630792600352
2025-04-07,SZ002459,BUY,17132.467364263386,0.8524723052978516,14604.953949453815
2025-04-08,SH603806,SELL,5840.488457157312,2.4732728004455566,14445.121242403413
2025-04-08,SZ002027,BUY,2005.444300890492,7.453052043914795,14946.680745709158
2025-04-08,SZ002241,SELL,433.54610283080655,37.263824462890625,16155.585872457503
2025-04-08,SH603392,BUY,917.0050001938463,16.27618980407715,14925.347434442845
2025-04-09,SZ000596,SELL,303.8633924296751,56.7397575378418,17241.13521108584
2025-04-09,SH600760,BUY,1840.5029953776316,8.22925853729248,15145.974987623757
2025-04-09,SZ000768,SELL,1690.038863974406,8.538641929626465,14430.63670663014
2025-04-09,SZ300433,BUY,2490.532221563184,5.835914134979248,14534.532195441854
2025-04-10,SZ002601,SELL,6237.499374460305,2.2538352012634277,14058.295658017247
2025-04-10,SH601628,SELL,9796.733848214932,1.3559443950653076,13283.82635143362
2025-04-10,SZ002049,BUY,166.7106372604772,89.22594451904297,14874.914070937635
2025-04-10,SH601788,BUY,14808.30465197828,0.9791082143783569,14498.93272576917
2025-04-11,SH600176,BUY,290.89231261564606,51.46806716918945,14971.665084702929
2025-04-11,SZ002027,SELL,2005.444300890492,7.220749378204346,14480.81068867847
2025-04-11,SZ300122,SELL,947.3692456240277,16.18081283569336,15329.204449734403
2025-04-11,SH601066,BUY,3274.394622410742,4.686459064483643,15345.316358893317
2025-04-14,SH601888,BUY,513.0298097244904,27.90813446044922,14317.704912009756
2025-04-14,SH600176,SELL,290.89231261564606,51.46806716918945,14971.665084702929
2025-04-14,SH603392,SELL,917.0050001938463,17.312698364257812,15875.830966872238
2025-04-14,SH600887,BUY,130.7747564267952,117.55977630615234,15373.8511120256
2025-04-15,SH601899,BUY,14559.317709414145,1.0642409324645996,15494.621855115267
2025-04-15,SZ002049,SELL,166.7106372604772,89.21182250976562,14872.559781771612
2025-04-15,SH600760,SELL,1840.5029953776316,8.474672317504883,15597.659785211632
2025-04-15,SZ000408,BUY,6534.568829418515,2.3116631507873535,15105.721969250431
2025-04-16,SZ000786,SELL,645.1839893616313,22.313243865966797,14396.147693043407
2025-04-16,SZ000408,SELL,6534.568829418515,2.3116631507873535,15105.721969250431
2025-04-16,SZ300122,BUY,954.3541561745342,15.611882209777832,14899.264672608744
2025-04-16,SH601633,BUY,2242.638819699818,6.638424396514893,14887.588253266636
2025-04-17,SH601899,SELL,14559.317709414145,1.0337926149368286,15051.315126511327
2025-04-17,SH600584,BUY,1461.873612544602,10.263248443603516,15003.572078693436
2025-04-17,SH600887,SELL,130.7747564267952,116.60674285888672,15249.21839509285
2025-04-17,SH600760,BUY,1836.8108383627268,8.166111946105957,14999.602929890762
2025-04-18,SH600438,BUY,535.3583910953478,27.98944664001465,14984.38512084733
2025-04-18,SZ300122,SELL,954.3541561745342,15.630805969238281,14917.324641100271
2025-04-18,SH603392,BUY,899.6370100986305,16.97301483154297,15269.552315409028
2025-04-18,SZ002459,SELL,17132.467364263386,0.917405366897583,15717.417508172919
2025-04-21,SH600584,SELL,1461.873612544602,10.371825218200684,15162.29760041224
2025-04-21,SH601788,SELL,14808.30465197828,1.0660713911056519,15786.709940250781
2025-04-21,SZ000596,BUY,270.96931276645967,54.06195068359375,14649.129623547633
2025-04-21,SZ300122,BUY,932.9978113664328,15.698226928710938,14646.411366820903
2025-04-22,SZ000786,BUY,642.553127583835,24.02433967590332,15436.914596888097
2025-04-22,SH600584,BUY,1470.1068427031473,9.600927352905273,14114.388997801858
2025-04-22,SH601066,SELL,3274.394622410742,4.249897480010986,13915.841454344938
2025-04-22,SZ300122,SELL,932.9978113664328,15.698226928710938,14646.411366820903
2025-04-23,SZ002049,BUY,125.61782541291751,78.31011962890625,9837.14693560863
2025-04-23,SZ300433,SELL,2490.532221563184,5.835914134979248,14534.532195441854
2025-04-23,SH600196,BUY,341.88148925931546,27.83912467956543,9517.681405125591
2025-04-24,SZ300122,BUY,1317.6691765860874,14.353373527526855,18912.997877248858
2025-04-24,SH601888,SELL,513.0298097244904,26.456375122070312,13572.909094875475
2025-04-24,SZ000596,SELL,270.96931276645967,51.41199493408203,13931.072935240914
2025-04-25,SH601628,BUY,8294.050243173862,1.4041348695755005,11645.965156451579
2025-04-25,SH601633,SELL,2242.638819699818,7.092085361480713,15904.985944281465
2025-04-25,SZ002371,BUY,910.8263936010683,12.716906547546387,11582.894128463488
2025-04-28,SH600584,SELL,1470.1068427031473,9.812653541564941,14425.649116529892
2025-04-28,SZ002371,SELL,910.8263936010683,12.716906547546387,11582.894128463488
2025-04-29,SH601899,BUY,14402.574212451278,1.0395922660827637,14972.8047629474
2025-04-29,SZ002049,SELL,125.61782541291751,79.11503601074219,9938.258781134095
2025-04-29,SH600760,SELL,1836.8108383627268,7.6250529289245605,14005.779862938089
2025-04-29,SZ300418,BUY,3575.6756987817867,3.967970609664917,14188.176082459195
2025-04-29,SH601865,BUY,9526.977428963975,1.542268991470337,14693.161871128934
2025-04-30,SH603392,SELL,899.6370100986305,14.539681434631348,13080.435533638312
2025-04-30,SZ002493,BUY,3438.5458370453134,4.2293620109558105,14542.855136129698
2025-04-30,SZ002594,BUY,3639.973467025741,4.219405174255371,15358.522880920673
2025-04-30,SH601865,SELL,9526.977428963975,1.542268991470337,14693.161871128934
2025-05-06,SZ300122,SELL,1317.6691765860874,14.77800178527832,19472.517443995413
2025-05-06,SH601865,BUY,7042.911443145086,1.6819913387298584,11846.116046811443
2025-05-06,SH603659,BUY,2491.58486549721,4.702954292297363,11717.809737813253
2025-05-07,SZ300418,SELL,3575.6756987817867,3.8926382064819336,13918.811839066968
2025-05-07,SZ002594,SELL,3639.973467025741,4.646194934844971,16912.026285465083
2025-05-07,SH600893,BUY,1627.882213088169,12.981451988220215,21132.274791681735
2025-05-08,SH603659,SELL,2491.58486549721,4.719230651855469,11758.36366895362
2025-05-08,SZ002459,BUY,13152.50649187647,1.0911645889282227,14351.549339584168
2025-05-08,SH600196,SELL,341.88148925931546,27.630807876586914,9446.461746285559
2025-05-08,SH601878,BUY,9773.353617591298,1.363181710243225,13322.856899239916
2025-05-09,SH600438,SELL,535.3583910953478,28.836896896362305,15438.074726618952
2025-05-09,SH601238,BUY,7155.440206697782,1.9391520023345947,13875.48620440347
2025-05-09,SZ000338,BUY,1735.6760372763229,8.0246000289917,13928.105979047778
2025-05-09,SH601878,SELL,9773.353617591298,1.363181710243225,13322.856899239916
2025-05-12,SH600660,BUY,226.6229741769814,63.6426887512207,14422.895409421553
2025-05-12,SH601238,SELL,7155.440206697782,1.9391520023345947,13875.48620440347
2025-05-12,SZ002493,SELL,3438.5458370453134,4.218143463134766,14504.27964522195
2025-05-12,SH600760,BUY,1788.803056525711,8.0498628616333,14399.619291502457
2025-05-13,SZ002463,BUY,5060.275994051537,2.7867064476013184,14101.503739265589
2025-05-13,SH601100,BUY,2034.8942022288763,7.056597709655762,14359.429766840078
2025-05-13,SZ002459,SELL,13152.50649187647,1.1448521614074707,15057.675485150567
2025-05-13,SZ000338,SELL,1735.6760372763229,7.932126522064209,13767.601928990827
2025-05-14,SZ000786,SELL,642.553127583835,23.54136848449707,15126.57994731712
2025-05-14,SZ002463,SELL,5060.275994051537,2.7867064476013184,14101.503739265589
2025-05-14,SZ000938,BUY,3636.9875806749665,3.9609522819519043,14405.934257105244
