date,cash,position_value,account_value,holdings_count,holdings
2025-04-16,100000.0,0.0,100000.0,0,[]
2025-04-17,4950.0,93817.26887857648,98767.26887857648,10,"[{'stock': 'SH601633', 'amount': np.float64(1465.9888598367077), 'price': np.float64(6.4719438552856445), 'value': np.float64(9487.797593337387)}, {'stock': 'SH601888', 'amount': np.float64(318.9357061717106), 'price': np.float64(30.09516716003418), 'value': np.float64(9598.423390541175)}, {'stock': 'SH603833', 'amount': np.float64(4883.943564467599), 'price': np.float64(1.934417724609375), 'value': np.float64(9447.586997098013)}, {'stock': 'SZ002311', 'amount': np.float64(676.4528685240567), 'price': np.float64(13.891608238220215), 'value': np.float64(9397.018241156482)}, {'stock': 'SZ002352', 'amount': np.float64(687.3472413641302), 'price': np.float64(13.635324478149414), 'value': np.float64(9372.2026651608)}, {'stock': 'SH601865', 'amount': np.float64(5851.768011096743), 'price': np.float64(1.626102328300476), 'value': np.float64(9515.57358751866)}, {'stock': 'SH601899', 'amount': np.float64(9346.773277010769), 'price': np.float64(1.023643136024475), 'value': np.float64(9567.760308989064)}, {'stock': 'SZ002459', 'amount': np.float64(10010.907110675906), 'price': np.float64(0.917405366897583), 'value': np.float64(9184.059910847252)}, {'stock': 'SH601628', 'amount': np.float64(6856.474616810851), 'price': np.float64(1.3672833442687988), 'value': np.float64(9374.743543967272)}, {'stock': 'SZ002709', 'amount': np.float64(963.3421252712868), 'price': np.float64(9.209711074829102), 'value': np.float64(8872.102639960374)}]"
2025-04-18,1131.9619466162294,96696.40324118141,97828.36518779765,10,"[{'stock': 'SH601633', 'amount': np.float64(1465.9888598367077), 'price': np.float64(6.613452434539795), 'value': np.float64(9695.247594095292)}, {'stock': 'SH601888', 'amount': np.float64(318.9357061717106), 'price': np.float64(29.49138641357422), 'value': np.float64(9405.856151796084)}, {'stock': 'SH603833', 'amount': np.float64(4883.943564467599), 'price': np.float64(1.9211397171020508), 'value': np.float64(9382.737957783664)}, {'stock': 'SZ002311', 'amount': np.float64(676.4528685240567), 'price': np.float64(13.514822006225586), 'value': np.float64(9142.140113703344)}, {'stock': 'SH601865', 'amount': np.float64(5851.768011096743), 'price': np.float64(1.6201143264770508), 'value': np.float64(9480.53318999795)}, {'stock': 'SH601899', 'amount': np.float64(9346.773277010769), 'price': np.float64(1.0149435997009277), 'value': np.float64(9486.447715357746)}, {'stock': 'SZ002459', 'amount': np.float64(10010.907110675906), 'price': np.float64(0.8967283368110657), 'value': np.float64(8977.064083326475)}, {'stock': 'SH601628', 'amount': np.float64(6856.474616810851), 'price': np.float64(1.3386211395263672), 'value': np.float64(9178.221864688954)}, {'stock': 'SH600760', 'amount': np.float64(1349.845836013562), 'price': np.float64(8.217777252197266), 'value': np.float64(11092.732405165449)}, {'stock': 'SZ000596', 'amount': np.float64(194.88208447643152), 'price': np.float64(55.7025146484375), 'value': np.float64(10855.42216526646)}]"
2025-04-21,1065.0365308996734,94307.12340520835,95372.15993610803,10,"[{'stock': 'SH601633', 'amount': np.float64(1465.9888598367077), 'price': np.float64(6.804905414581299), 'value': np.float64(9975.915530018678)}, {'stock': 'SH603833', 'amount': np.float64(4883.943564467599), 'price': np.float64(1.8863983154296875), 'value': np.float64(9213.062912665342)}, {'stock': 'SZ002311', 'amount': np.float64(676.4528685240567), 'price': np.float64(12.333084106445312), 'value': np.float64(8342.750121553385)}, {'stock': 'SH601865', 'amount': np.float64(5851.768011096743), 'price': np.float64(1.536280870437622), 'value': np.float64(8989.959253686737)}, {'stock': 'SH601899', 'amount': np.float64(9346.773277010769), 'price': np.float64(1.027992844581604), 'value': np.float64(9608.41604869362)}, {'stock': 'SZ002459', 'amount': np.float64(10010.907110675906), 'price': np.float64(0.8539233803749084), 'value': np.float64(8548.547640567576)}, {'stock': 'SH601628', 'amount': np.float64(6856.474616810851), 'price': np.float64(1.2819266319274902), 'value': np.float64(8789.497412424664)}, {'stock': 'SZ000596', 'amount': np.float64(194.88208447643152), 'price': np.float64(54.06195068359375), 'value': np.float64(10535.705640080792)}, {'stock': 'SZ300274', 'amount': np.float64(2304.9837212607067), 'price': np.float64(4.348194122314453), 'value': np.float64(10022.5166688163)}, {'stock': 'SH601878', 'amount': np.float64(8009.977405889517), 'price': np.float64(1.2834932804107666), 'value': np.float64(10280.752176701259)}]"
2025-04-22,985.7874353599254,95007.74293833274,95993.53037369269,10,"[{'stock': 'SH601633', 'amount': np.float64(1465.9888598367077), 'price': np.float64(6.983872890472412), 'value': np.float64(10238.279855948143)}, {'stock': 'SH603833', 'amount': np.float64(4883.943564467599), 'price': np.float64(1.9367823600769043), 'value': np.float64(9459.135743271963)}, {'stock': 'SH601865', 'amount': np.float64(5851.768011096743), 'price': np.float64(1.4943640232086182), 'value': np.float64(8744.671587946023)}, {'stock': 'SH601899', 'amount': np.float64(9346.773277010769), 'price': np.float64(1.0207432508468628), 'value': np.float64(9540.655739704556)}, {'stock': 'SZ002459', 'amount': np.float64(10010.907110675906), 'price': np.float64(0.8571881055831909), 'value': np.float64(8581.230501369575)}, {'stock': 'SH601628', 'amount': np.float64(6856.474616810851), 'price': np.float64(1.3572043180465698), 'value': np.float64(9305.636956512388)}, {'stock': 'SZ300274', 'amount': np.float64(2304.9837212607067), 'price': np.float64(4.344166278839111), 'value': np.float64(10013.232555173852)}, {'stock': 'SH601878', 'amount': np.float64(8009.977405889517), 'price': np.float64(1.2987526655197144), 'value': np.float64(10402.979506651698)}, {'stock': 'SH600893', 'amount': np.float64(728.730549132992), 'price': np.float64(12.578611373901367), 'value': np.float64(9166.418373833641)}, {'stock': 'SH600760', 'amount': np.float64(1188.5223617168654), 'price': np.float64(8.039816856384277), 'value': np.float64(9555.502117920905)}]"
2025-04-23,1001.7749118040156,91682.92340092135,92684.69831272538,10,"[{'stock': 'SH603833', 'amount': np.float64(4883.943564467599), 'price': np.float64(1.871665120124817), 'value': np.float64(9141.106818272074)}, {'stock': 'SH601865', 'amount': np.float64(5851.768011096743), 'price': np.float64(1.3719407320022583), 'value': np.float64(8028.2788886514645)}, {'stock': 'SH601899', 'amount': np.float64(9346.773277010769), 'price': np.float64(0.9757957458496094), 'value': np.float64(9120.541601127921)}, {'stock': 'SZ002459', 'amount': np.float64(10010.907110675906), 'price': np.float64(0.8245402574539185), 'value': np.float64(8254.395926383973)}, {'stock': 'SZ300274', 'amount': np.float64(2304.9837212607067), 'price': np.float64(4.114572048187256), 'value': np.float64(9484.021591025949)}, {'stock': 'SH601878', 'amount': np.float64(8009.977405889517), 'price': np.float64(1.2453445196151733), 'value': np.float64(9975.181464665873)}, {'stock': 'SH600893', 'amount': np.float64(728.730549132992), 'price': np.float64(12.466190338134766), 'value': np.float64(9084.493730705346)}, {'stock': 'SH600760', 'amount': np.float64(1188.5223617168654), 'price': np.float64(8.318239212036133), 'value': np.float64(9886.413313615021)}, {'stock': 'SH600176', 'amount': np.float64(186.88094521401217), 'price': np.float64(50.313446044921875), 'value': np.float64(9402.624353849202)}, {'stock': 'SZ300124', 'amount': np.float64(853.2512385709745), 'price': np.float64(10.906360626220703), 'value': np.float64(9305.865712624523)}]"
2025-04-24,969.8656151214818,91364.63675464917,92334.50236977063,10,"[{'stock': 'SH603833', 'amount': np.float64(4883.943564467599), 'price': np.float64(1.955335259437561), 'value': np.float64(9549.74705670666)}, {'stock': 'SH601865', 'amount': np.float64(5851.768011096743), 'price': np.float64(1.3306893110275269), 'value': np.float64(7786.885142979246)}, {'stock': 'SH601899', 'amount': np.float64(9346.773277010769), 'price': np.float64(1.0120437145233154), 'value': np.float64(9459.343146073239)}, {'stock': 'SZ300274', 'amount': np.float64(2304.9837212607067), 'price': np.float64(4.0944318771362305), 'value': np.float64(9437.59882460993)}, {'stock': 'SH600893', 'amount': np.float64(728.730549132992), 'price': np.float64(12.584856986999512), 'value': np.float64(9170.969742896325)}, {'stock': 'SH600760', 'amount': np.float64(1188.5223617168654), 'price': np.float64(7.927873611450195), 'value': np.float64(9422.455068073601)}, {'stock': 'SH600176', 'amount': np.float64(186.88094521401217), 'price': np.float64(48.144161224365234), 'value': np.float64(8997.22635614517)}, {'stock': 'SZ300124', 'amount': np.float64(853.2512385709745), 'price': np.float64(10.948552131652832), 'value': np.float64(9341.865666891661)}, {'stock': 'SH603392', 'amount': np.float64(662.5799961589805), 'price': np.float64(13.877777099609375), 'value': np.float64(9195.137497354368)}, {'stock': 'SZ300782', 'amount': np.float64(1375.5967756228777), 'price': np.float64(6.545092582702637), 'value': np.float64(9003.40825291896)}]"
2025-04-25,475.02719550585243,94825.95690061542,95300.98409612126,11,"[{'stock': 'SH603833', 'amount': np.float64(4883.943564467599), 'price': np.float64(1.973160743713379), 'value': np.float64(9636.805715919058)}, {'stock': 'SH601865', 'amount': np.float64(5851.768011096743), 'price': np.float64(1.4571048021316528), 'value': np.float64(8526.639269929456)}, {'stock': 'SH601899', 'amount': np.float64(9346.773277010769), 'price': np.float64(1.0018943548202515), 'value': np.float64(9364.479382021871)}, {'stock': 'SZ300274', 'amount': np.float64(2304.9837212607067), 'price': np.float64(4.91815185546875), 'value': np.float64(11336.259965543608)}, {'stock': 'SH600893', 'amount': np.float64(728.730549132992), 'price': np.float64(12.725382804870605), 'value': np.float64(9273.37519932089)}, {'stock': 'SH600760', 'amount': np.float64(1188.5223617168654), 'price': np.float64(7.731255054473877), 'value': np.float64(9188.769516378745)}, {'stock': 'SZ300124', 'amount': np.float64(853.2512385709745), 'price': np.float64(11.020276069641113), 'value': np.float64(9403.06420581535)}, {'stock': 'SH603392', 'amount': np.float64(662.5799961589805), 'price': np.float64(14.192063331604004), 'value': np.float64(9403.37726774219)}, {'stock': 'SZ300782', 'amount': np.float64(1375.5967756228777), 'price': np.float64(6.744157791137695), 'value': np.float64(9277.241711780922)}, {'stock': 'SH600196', 'amount': np.float64(163.84500867551338), 'price': np.float64(28.012720108032227), 'value': np.float64(4589.744369125268)}, {'stock': 'SZ300418', 'amount': np.float64(1245.9653543824834), 'price': np.float64(3.873462677001953), 'value': np.float64(4826.200297038061)}]"
2025-04-28,956.6322682907849,95616.37967458626,96573.01194287706,10,"[{'stock': 'SH603833', 'amount': np.float64(4883.943564467599), 'price': np.float64(1.9946240186691284), 'value': np.float64(9741.63113951159)}, {'stock': 'SH601865', 'amount': np.float64(5851.768011096743), 'price': np.float64(1.5529145002365112), 'value': np.float64(9087.295396452302)}, {'stock': 'SH601899', 'amount': np.float64(9346.773277010769), 'price': np.float64(1.0352424383163452), 'value': np.float64(9676.176357682685)}, {'stock': 'SZ300274', 'amount': np.float64(2304.9837212607067), 'price': np.float64(4.920166015625), 'value': np.float64(11340.902571915776)}, {'stock': 'SH600760', 'amount': np.float64(1188.5223617168654), 'price': np.float64(7.6250529289245605), 'value': np.float64(9062.54591530152)}, {'stock': 'SZ300124', 'amount': np.float64(853.2512385709745), 'price': np.float64(10.980194091796875), 'value': np.float64(9368.86420857538)}, {'stock': 'SH603392', 'amount': np.float64(662.5799961589805), 'price': np.float64(14.311111450195312), 'value': np.float64(9482.256169701152)}, {'stock': 'SH600196', 'amount': np.float64(163.84500867551338), 'price': np.float64(27.630807876586914), 'value': np.float64(4527.1699562508265)}, {'stock': 'SZ300418', 'amount': np.float64(1245.9653543824834), 'price': np.float64(4.203556060791016), 'value': np.float64(5237.485216950114)}, {'stock': 'SH600438', 'amount': np.float64(614.8446362385351), 'price': np.float64(29.425405502319336), 'value': np.float64(18092.052742244923)}]"
2025-04-29,783.4411967800897,96590.4777025735,97373.91889935358,10,"[{'stock': 'SH601865', 'amount': np.float64(5851.768011096743), 'price': np.float64(1.542268991470337), 'value': np.float64(9025.000348792553)}, {'stock': 'SH601899', 'amount': np.float64(9346.773277010769), 'price': np.float64(1.0395922660827637), 'value': np.float64(9716.833211609444)}, {'stock': 'SZ300274', 'amount': np.float64(2304.9837212607067), 'price': np.float64(4.952389717102051), 'value': np.float64(11415.177679259144)}, {'stock': 'SH600760', 'amount': np.float64(1188.5223617168654), 'price': np.float64(7.736995697021484), 'value': np.float64(9195.592398417199)}, {'stock': 'SZ300124', 'amount': np.float64(853.2512385709745), 'price': np.float64(11.31350326538086), 'value': np.float64(9653.260673762983)}, {'stock': 'SH603392', 'amount': np.float64(662.5799961589805), 'price': np.float64(14.539681434631348), 'value': np.float64(9633.70206911084)}, {'stock': 'SH600196', 'amount': np.float64(163.84500867551338), 'price': np.float64(28.74761390686035), 'value': np.float64(4710.153049969844)}, {'stock': 'SH600438', 'amount': np.float64(614.8446362385351), 'price': np.float64(29.425405502319336), 'value': np.float64(18092.052742244923)}, {'stock': 'SZ000661', 'amount': np.float64(157.1611615159703), 'price': np.float64(49.29362106323242), 'value': np.float64(7747.042741625706)}, {'stock': 'SZ300433', 'amount': np.float64(1262.00574226808), 'price': np.float64(5.864999294281006), 'value': np.float64(7401.662787780866)}]"
2025-04-30,639.4796709846596,97211.34363598665,97850.8233069713,10,"[{'stock': 'SH601865', 'amount': np.float64(5851.768011096743), 'price': np.float64(1.6187835931777954), 'value': np.float64(9472.746047446068)}, {'stock': 'SH601899', 'amount': np.float64(9346.773277010769), 'price': np.float64(1.0207432508468628), 'value': np.float64(9540.655739704556)}, {'stock': 'SZ300274', 'amount': np.float64(2304.9837212607067), 'price': np.float64(5.294767379760742), 'value': np.float64(12204.352618210716)}, {'stock': 'SH600760', 'amount': np.float64(1188.5223617168654), 'price': np.float64(7.6092658042907715), 'value': np.float64(9043.78256464705)}, {'stock': 'SZ300124', 'amount': np.float64(853.2512385709745), 'price': np.float64(11.201696395874023), 'value': np.float64(9557.861323875532)}, {'stock': 'SH603392', 'amount': np.float64(662.5799961589805), 'price': np.float64(14.170634269714355), 'value': np.float64(9389.178799997655)}, {'stock': 'SH600438', 'amount': np.float64(614.8446362385351), 'price': np.float64(29.507795333862305), 'value': np.float64(18142.709688249714)}, {'stock': 'SZ300433', 'amount': np.float64(1262.00574226808), 'price': np.float64(5.647713661193848), 'value': np.float64(7127.447071112518)}, {'stock': 'SZ002459', 'amount': np.float64(6232.656428222456), 'price': np.float64(1.0454574823379517), 'value': np.float64(6515.977297726899)}, {'stock': 'SH600426', 'amount': np.float64(205.5647256721482), 'price': np.float64(30.241727828979492), 'value': np.float64(6216.632485015939)}]"
2025-05-06,1102.741910992867,97944.4706304015,99047.21254139434,10,"[{'stock': 'SH601865', 'amount': np.float64(5851.768011096743), 'price': np.float64(1.6819913387298584), 'value': np.float64(9842.623110921171)}, {'stock': 'SH601899', 'amount': np.float64(9346.773277010769), 'price': np.float64(0.9859452247619629), 'value': np.float64(9215.40647940149)}, {'stock': 'SH600760', 'amount': np.float64(1188.5223617168654), 'price': np.float64(7.649450302124023), 'value': np.float64(9091.542738916234)}, {'stock': 'SZ300124', 'amount': np.float64(853.2512385709745), 'price': np.float64(11.665797233581543), 'value': np.float64(9953.855938471299)}, {'stock': 'SH600438', 'amount': np.float64(614.8446362385351), 'price': np.float64(29.543107986450195), 'value': np.float64(18164.421483284732)}, {'stock': 'SZ300433', 'amount': np.float64(1262.00574226808), 'price': np.float64(5.663111686706543), 'value': np.float64(7146.879467729129)}, {'stock': 'SZ002459', 'amount': np.float64(6232.656428222456), 'price': np.float64(1.0519871711730957), 'value': np.float64(6556.674604819553)}, {'stock': 'SH600426', 'amount': np.float64(205.5647256721482), 'price': np.float64(30.52792739868164), 'value': np.float64(6275.465021049248)}, {'stock': 'SH600196', 'amount': np.float64(391.1001583158326), 'price': np.float64(27.06951141357422), 'value': np.float64(10586.890199381114)}, {'stock': 'SZ002709', 'amount': np.float64(1071.4912896411845), 'price': np.float64(10.369390487670898), 'value': np.float64(11110.711586427522)}]"
2025-05-07,1443.9644845285438,98974.83611290687,100418.80059743542,10,"[{'stock': 'SH601899', 'amount': np.float64(9346.773277010769), 'price': np.float64(1.0192934274673462), 'value': np.float64(9527.104569284505)}, {'stock': 'SH600760', 'amount': np.float64(1188.5223617168654), 'price': np.float64(7.96231746673584), 'value': np.float64(9463.39236030433)}, {'stock': 'SZ300124', 'amount': np.float64(853.2512385709745), 'price': np.float64(11.686893463134766), 'value': np.float64(9971.856322466763)}, {'stock': 'SZ300433', 'amount': np.float64(1262.00574226808), 'price': np.float64(5.8701324462890625), 'value': np.float64(7408.140855090968)}, {'stock': 'SZ002459', 'amount': np.float64(6232.656428222456), 'price': np.float64(1.0592422485351562), 'value': np.float64(6601.893009377451)}, {'stock': 'SH600426', 'amount': np.float64(205.5647256721482), 'price': np.float64(31.11225128173828), 'value': np.float64(6395.581399773471)}, {'stock': 'SH600196', 'amount': np.float64(391.1001583158326), 'price': np.float64(27.630807876586914), 'value': np.float64(10806.413334927496)}, {'stock': 'SZ002709', 'amount': np.float64(1071.4912896411845), 'price': np.float64(10.53868579864502), 'value': np.float64(11292.110037513388)}, {'stock': 'SZ300316', 'amount': np.float64(1290.7691585218843), 'price': np.float64(10.530939102172852), 'value': np.float64(13593.011403356859)}, {'stock': 'SZ002463', 'amount': np.float64(4826.447274352562), 'price': np.float64(2.8831419944763184), 'value': np.float64(13915.332820811636)}]"
2025-05-08,1320.6613169879201,98994.40744565615,100315.06876264408,10,"[{'stock': 'SH601899', 'amount': np.float64(9346.773277010769), 'price': np.float64(0.9960946440696716), 'value': np.float64(9310.27080056396)}, {'stock': 'SH600760', 'amount': np.float64(1188.5223617168654), 'price': np.float64(8.381386756896973), 'value': np.float64(9961.46558276965)}, {'stock': 'SZ300124', 'amount': np.float64(853.2512385709745), 'price': np.float64(11.775493621826172), 'value': np.float64(10047.454517607792)}, {'stock': 'SZ300433', 'amount': np.float64(1262.00574226808), 'price': np.float64(5.693908214569092), 'value': np.float64(7185.744862733584)}, {'stock': 'SZ002459', 'amount': np.float64(6232.656428222456), 'price': np.float64(1.0911645889282227), 'value': np.float64(6800.853989432201)}, {'stock': 'SH600426', 'amount': np.float64(205.5647256721482), 'price': np.float64(31.684648513793945), 'value': np.float64(6513.246079756491)}, {'stock': 'SH600196', 'amount': np.float64(391.1001583158326), 'price': np.float64(27.792831420898438), 'value': np.float64(10869.780768758625)}, {'stock': 'SZ300316', 'amount': np.float64(1290.7691585218843), 'price': np.float64(10.668383598327637), 'value': np.float64(13770.420520002035)}, {'stock': 'SZ000338', 'amount': np.float64(1482.3156634644354), 'price': np.float64(8.219820976257324), 'value': np.float64(12184.369383979758)}, {'stock': 'SH601628', 'amount': np.float64(8539.34422905608), 'price': np.float64(1.4463406801223755), 'value': np.float64(12350.800940052053)}]"
2025-05-09,880.0728003237055,97013.01731263768,97893.09011296138,10,"[{'stock': 'SH601899', 'amount': np.float64(9346.773277010769), 'price': np.float64(0.9511471390724182), 'value': np.float64(8890.156661987323)}, {'stock': 'SZ300124', 'amount': np.float64(853.2512385709745), 'price': np.float64(11.615168571472168), 'value': np.float64(9910.656969819283)}, {'stock': 'SZ300433', 'amount': np.float64(1262.00574226808), 'price': np.float64(5.673377513885498), 'value': np.float64(7159.835000578102)}, {'stock': 'SH600426', 'amount': np.float64(205.5647256721482), 'price': np.float64(30.81412696838379), 'value': np.float64(6334.297557082557)}, {'stock': 'SH600196', 'amount': np.float64(391.1001583158326), 'price': np.float64(27.989574432373047), 'value': np.float64(10946.726991693879)}, {'stock': 'SZ300316', 'amount': np.float64(1290.7691585218843), 'price': np.float64(9.964794158935547), 'value': np.float64(12862.248971373023)}, {'stock': 'SZ000338', 'amount': np.float64(1482.3156634644354), 'price': np.float64(8.0246000289917), 'value': np.float64(11894.990316011557)}, {'stock': 'SH601628', 'amount': np.float64(8539.34422905608), 'price': np.float64(1.4409862756729126), 'value': np.float64(12305.0778373165)}, {'stock': 'SH600660', 'amount': np.float64(133.0182590385892), 'price': np.float64(62.95091247558594), 'value': np.float64(8373.620782393047)}, {'stock': 'SH601012', 'amount': np.float64(281.24899377013554), 'price': np.float64(29.63710594177246), 'value': np.float64(8335.40622438241)}]"
2025-05-12,12558.172678300725,86937.29989791369,99495.47257621441,9,"[{'stock': 'SH601899', 'amount': np.float64(9346.773277010769), 'price': np.float64(0.9351980090141296), 'value': np.float64(8741.083759366942)}, {'stock': 'SZ300433', 'amount': np.float64(1262.00574226808), 'price': np.float64(5.716150283813477), 'value': np.float64(7213.814481839922)}, {'stock': 'SH600426', 'amount': np.float64(205.5647256721482), 'price': np.float64(31.601173400878906), 'value': np.float64(6496.086541069659)}, {'stock': 'SH600196', 'amount': np.float64(391.1001583158326), 'price': np.float64(30.17689323425293), 'value': np.float64(11802.187721396298)}, {'stock': 'SZ000338', 'amount': np.float64(1482.3156634644354), 'price': np.float64(7.932126522064209), 'value': np.float64(11757.915388237452)}, {'stock': 'SH601628', 'amount': np.float64(8539.34422905608), 'price': np.float64(1.421773076057434), 'value': np.float64(12141.00971205836)}, {'stock': 'SH600660', 'amount': np.float64(133.0182590385892), 'price': np.float64(63.6426887512207), 'value': np.float64(8465.639658222182)}, {'stock': 'SH601012', 'amount': np.float64(281.24899377013554), 'price': np.float64(32.60123825073242), 'value': np.float64(9169.065453678948)}, {'stock': 'SH600515', 'amount': np.float64(6482.802609506055), 'price': np.float64(1.720011830329895), 'value': np.float64(11150.49718204393)}]"
2025-05-13,11232.838838577083,85490.71678338276,96723.55562195985,9,"[{'stock': 'SH601899', 'amount': np.float64(9346.773277010769), 'price': np.float64(0.8728514909744263), 'value': np.float64(8158.344990638773)}, {'stock': 'SZ300433', 'amount': np.float64(1262.00574226808), 'price': np.float64(5.45609188079834), 'value': np.float64(6885.619283909754)}, {'stock': 'SH600196', 'amount': np.float64(391.1001583158326), 'price': np.float64(29.771835327148438), 'value': np.float64(11643.769509800652)}, {'stock': 'SH601628', 'amount': np.float64(8539.34422905608), 'price': np.float64(1.4356318712234497), 'value': np.float64(12259.354734580946)}, {'stock': 'SH600660', 'amount': np.float64(133.0182590385892), 'price': np.float64(61.49259567260742), 'value': np.float64(8179.6380201341235)}, {'stock': 'SH601012', 'amount': np.float64(281.24899377013554), 'price': np.float64(29.510072708129883), 'value': np.float64(8299.678255245068)}, {'stock': 'SH600515', 'amount': np.float64(6482.802609506055), 'price': np.float64(1.6849095821380615), 'value': np.float64(10922.936235866382)}, {'stock': 'SH600176', 'amount': np.float64(180.0856459068944), 'price': np.float64(52.30778884887695), 'value': np.float64(9419.881940811454)}, {'stock': 'SH600809', 'amount': np.float64(112.15075765332993), 'price': np.float64(86.682373046875), 'value': np.float64(9721.493812395616)}]"
2025-05-14,10799.908748635293,85398.3388760699,96198.24762470517,9,"[{'stock': 'SH601899', 'amount': np.float64(9346.773277010769), 'price': np.float64(0.8989500403404236), 'value': np.float64(8402.282214421624)}, {'stock': 'SZ300433', 'amount': np.float64(1262.00574226808), 'price': np.float64(5.438982963562012), 'value': np.float64(6864.027732113518)}, {'stock': 'SH600196', 'amount': np.float64(391.1001583158326), 'price': np.float64(30.084308624267578), 'value': np.float64(11765.977865773417)}, {'stock': 'SH601628', 'amount': np.float64(8539.34422905608), 'price': np.float64(1.429962396621704), 'value': np.float64(12210.94113935875)}, {'stock': 'SH600660', 'amount': np.float64(133.0182590385892), 'price': np.float64(60.501686096191406), 'value': np.float64(8047.8289534146)}, {'stock': 'SH600515', 'amount': np.float64(6482.802609506055), 'price': np.float64(1.6427867412567139), 'value': np.float64(10649.862173080974)}, {'stock': 'SH600176', 'amount': np.float64(180.0856459068944), 'price': np.float64(51.503055572509766), 'value': np.float64(9274.961028954098)}, {'stock': 'SH601865', 'amount': np.float64(5436.486075362869), 'price': np.float64(1.654712200164795), 'value': np.float64(8995.819834928965)}, {'stock': 'SZ002466', 'amount': np.float64(4660.168201133654), 'price': np.float64(1.9713103771209717), 'value': np.float64(9186.637934023944)}]"
