datetime,account,return,total_turnover,turnover,total_cost,cost,value,cash,bench
2024-11-15,100000.0,0.0,0.0,0.0,0.0,0.0,0.0,100000.0,-0.0046550035
2024-11-18,99364.9085127657,-0.005850914872342982,95000.0,0.95,50.0,0.0005,94414.9085127657,4950.0,0.0032986403
2024-11-19,97704.52970037112,-0.016508633047086645,135685.99743324783,0.4094604226201323,70.0,0.00020127830135757173,96544.63233028783,1159.8973700832794,-0.006230235
2024-11-20,96516.56345433273,-0.011954064459653685,175439.8645023923,0.40687844454148653,90.0,0.00020469880016140167,95477.74898153202,1038.81447280071,-0.004223764
2024-11-21,98705.8475060109,0.022890206329440083,212252.82376483653,0.38141597612789496,110.0,0.00020721831864085272,97745.54561536359,960.301890647308,0.01930058
2024-11-22,97615.57113490748,-0.01084308982847489,253993.20112111827,0.4228764395517689,130.0,0.00020262224078246283,96530.93833370418,1084.6328012033082,-0.0074077845
2024-11-25,97193.70157600177,-0.004116859167379371,292391.99056339654,0.39336746172606063,150.0,0.00020488534531401176,96191.56254411762,1002.1390318841441,0.0013219118
2024-11-26,98314.89856493102,0.011741470593512479,330813.82358458644,0.3953119636167524,170.0,0.00020577465078187976,97314.28389690348,1000.6146680275415,0.009759665
2024-11-27,98999.07790190105,0.007162488567335134,368640.877207381,0.38475403194168073,190.0,0.00020342796760138256,98013.75307393125,985.3248279698018,0.003638506
2024-11-28,97810.19315367853,-0.011807026620801271,404902.6275378787,0.3662837179799769,210.0,0.00020202208367857885,96865.39635474347,944.7967989350655,-0.0117842555
2024-11-29,98416.61544881803,0.0064044684397594085,443074.814562563,0.39026798530812146,230.0,0.00020447766592768274,97423.87227385343,992.7431749646021,0.008227348
2024-12-02,98883.1168383148,0.004943285107683647,486369.57766113104,0.43991314780666924,250.0,0.0002032177179513055,97757.79616463448,1125.3206736803222,-0.002508223
2024-12-03,99049.70242195508,0.0018869306470726019,526834.2573377239,0.4092172756119449,270.0,0.00020225899667687748,97993.54856681987,1056.1538551352114,-0.008559287
2024-12-04,99466.12967412424,0.004406144001422288,567177.9163647043,0.40730722092546073,290.0,0.00020191882974871872,98414.85242073666,1051.2772533875832,0.0067949295
2024-12-05,101005.23951246394,0.015674781389883524,605157.8033699822,0.3818373865526834,310.0,0.00020107347159807032,100014.69683916483,990.5426732991182,0.0069007874
2024-12-06,99985.67377240291,-0.009896177117996842,645596.6721454426,0.4003640699299593,330.0,0.00019800952996633427,98933.63758140907,1052.0361909938329,0.004645109
2024-12-09,100096.23639721904,0.0011557918295293263,646096.3893361647,0.004997887916019096,335.0,5.000716414014957e-05,99548.91739694728,547.3190002717622,0.01177907
2024-12-10,100908.2183500209,0.0082119166752678,666950.398554472,0.2083395936641501,345.0,9.990385612817934e-05,79516.89013144188,21391.32821857903,0.006049633
2024-12-11,101806.9444533583,0.009104571643021224,694925.403352302,0.2772321744973532,365.0,0.00019819991202922529,90736.95132722564,11069.993126132656,-0.0028859377
2024-12-12,101833.13455310542,0.00045370283918387674,736482.654296291,0.4081966231982131,385.0,0.00019645025304892413,90031.10017001691,11802.034383088512,0.009867907
2024-12-13,101210.15967897285,-0.005970305017130933,770055.662665145,0.32968648678241286,400.0,0.0001472997965330978,77671.27673176215,23538.882947210703,-0.00086796284
2024-12-16,101590.4645192835,0.00395518435679158,810182.8809304434,0.3964742116065955,420.0,0.00019760862015668913,78943.20815550908,22647.256363774417,1.513958e-05
2024-12-17,101408.18650396433,-0.001646591696481697,840483.6528189909,0.2982639367969017,435.0,0.0001476516528492963,68794.80545960434,32613.38104436,0.0020225048
2024-12-18,100795.48206302918,-0.005844739575458048,880932.1432821397,0.39886809790812655,455.0,0.0001972227360482198,67985.07602342374,32810.40603960544,-0.010843515
2024-12-19,101926.29297500837,0.011417286652387549,921230.8399509769,0.39980657708088285,475.0,0.00019842159182783262,69094.6671204906,32831.62585451777,-0.0031591058
2024-12-20,100325.26889989211,-0.01556049993405672,944010.2922274041,0.2234894609775767,490.0,0.00014716516771269114,75352.82800048204,24972.44089941006,0.0025787354
2024-12-23,101237.95732851946,0.009246807297900537,973376.5560109428,0.29271054147725584,505.0,0.0001495136785027459,67767.69484710653,33470.26248141294,0.008498788
2024-12-24,99841.9991149772,-0.01359132730303173,1015158.1667647001,0.4127069713405519,525.0,0.00019755436130639763,66047.67925569782,33794.31985927937,-0.005315602
2024-12-25,98574.94707137303,-0.012490255149719862,1052044.9139045544,0.36945120757624145,545.0,0.00020031650184576302,66834.17783987813,31740.769231494887,-0.0054457784
2024-12-26,97694.72339335117,-0.008726595383297626,1090447.5523493981,0.3895780782619983,565.0,0.00020289130853419615,66195.51124890913,31499.21214444205,-0.022926629
2024-12-27,97643.03059718866,-0.0003244064270995798,1130966.5920412303,0.41475156778620614,585.0,0.00020471934722076447,65301.49716350027,32341.533433688386,0.0013754368
2024-12-30,99185.83219155441,0.015954047972888342,1159950.4617619652,0.2968350075112211,600.0,0.0001536207951377523,57455.137607451106,41730.6945841033,0.011346698
2024-12-31,98952.12593302566,-0.002154604683015871,1195793.7926620438,0.36137551208781077,620.0,0.00020164170182465822,58707.378529842725,40244.74740318293,-0.0070130825
2025-01-02,99171.18263803184,0.002415882455804761,1234512.3528129675,0.3912857837650682,640.0,0.00020211794149361395,58205.41542640702,40965.76721162483,0.002865553
2025-01-03,99864.02283705364,0.00718797719316927,1272558.0297714802,0.38363641479780386,660.0,0.00020167148830924664,58873.273331032964,40990.74950602067,0.0026940107
2025-01-06,101679.05564391598,0.01842538238084699,1320718.434824884,0.48225981374680027,685.0,0.0002503404057814901,69965.84808886657,31713.20755504942,0.026976824
2025-01-07,101225.69227169364,-0.0042128968400581045,1370123.283283012,0.4858901191130822,710.0,0.000245871677718477,79026.38393687434,22199.308334819296,0.0030795336
2025-01-08,101514.35540364656,0.003049256814410934,1410078.4945128108,0.39471413169057445,730.0,0.00019757829807001204,79405.11962640952,22109.235777237038,2.014637e-05
2025-01-09,102410.68404759695,0.008977337641821344,1439361.461875909,0.2884613436854496,745.0,0.00014776235282543276,70755.94271870356,31654.74132889339,-0.00036644936
2025-01-10,101948.34897772412,-0.004368050795021796,1468681.1141895556,0.28629485864990284,760.0,0.00014646909294179227,60456.57683448268,41491.77214324143,0.004786253
2025-01-13,101907.71381782027,-0.0001533635420350213,1517843.196494352,0.4822253895993787,785.0,0.0002452222154717046,69659.64698038314,32248.066837437138,0.0051734447
2025-01-14,102261.51199198593,0.003717070670850588,1568832.8243783447,0.5003510134193221,810.0,0.00024531999652835243,79481.66566700829,22779.846324977647,0.0062357187
2025-01-15,102312.42542964466,0.0006934518791809873,1608256.433018738,0.3855175605410842,830.0,0.00019557700263191267,80185.77196739396,22126.653462250702,-0.0018087626
2025-01-16,101665.00625772389,-0.006132384891532259,1647129.7003085043,0.37994668904118223,850.0,0.0001954796782112554,79966.7293798874,21698.276877836484,-0.0108498335
2025-01-17,103851.76665346118,0.021657013330189174,1675386.2731703096,0.2779380428126277,865.0,0.0001475433932692095,73082.66731893455,30769.099334526636,0.0018018484
2025-01-20,103845.07167805862,0.00017626108045447006,1729197.4170122233,0.5181533793399388,890.0,0.00024072772958616586,80697.52099916105,23147.550678897584,-0.012013257
2025-01-21,106002.06035296185,0.021011961758453497,1780911.2676658826,0.4979904180140878,915.0,0.000240743249496762,93450.76669859092,12551.29365437093,0.015064597
2025-01-22,105322.90464688677,-0.006218329189831267,1822213.0676297965,0.3896320489091307,935.0,0.00018867557794069963,93245.67954890449,12077.225097982284,0.0007522106
2025-01-23,103897.07132649806,-0.013395313442206881,1853171.7523123987,0.29394066548389103,950.0,0.0001424191637164783,81572.16878214394,22324.90254435411,0.006668091
2025-01-24,106874.23709395071,0.028847451898177317,1886466.3383869864,0.32045740702313863,970.0,0.00019249820754956324,97552.49812872689,9321.738965223827,0.013433576
2025-01-27,108549.74519867141,0.015817732605048856,1924037.4337771095,0.35154492244089836,985.0,0.00014035187906711176,91867.63466541233,16682.110533259074,0.0008149147
2025-02-05,110100.71868238295,0.01447238296908289,1977170.9468129864,0.4894853777743113,1005.0,0.00018424732332070724,94440.06849339322,15660.650188989726,0.0048122406
2025-02-06,110448.47226119517,0.0033401560245315846,2026887.3275793295,0.45155364434781053,1025.0,0.00018165185694832498,95784.2408222429,14664.23143895228,0.004172921
2025-02-07,111831.77919401511,0.012660265046610462,2054102.2212361642,0.24640353188838424,1040.0,0.00013580993646093267,102441.46539700168,9390.31379701342,-0.0070717335
2025-02-10,116396.26999261355,0.04094981615783438,2083158.8571784117,0.2598244984713834,1055.0,0.00013413003090987892,102720.32178033423,13675.948212279327,0.013197899
2025-02-11,118227.55996672854,0.015905062715776633,2118492.349851552,0.3035620701194505,1075.0,0.00017182681198692356,107237.68548224654,10989.874484481998,0.020129919
2025-02-12,118783.20338673933,0.004871825098599549,2168322.295717124,0.42147487336789363,1095.3405739813008,0.0001720459593941131,105142.09568190666,13641.107704832668,0.020730853
2025-02-13,120777.7896357528,0.016918101143227848,2197510.734591535,0.2457286724233054,1110.3405739813008,0.00012628048050836255,111174.11591388183,9603.673721870955,0.019317985
2025-02-14,124136.6696867995,0.02785181001566311,2208769.866117036,0.09322187100341006,1115.3405739813008,4.139834000174394e-05,103278.86443942729,20857.805247372224,0.056677103
2025-02-17,129200.69438069078,0.04091478131889477,2237503.7017919044,0.2314693615300358,1130.3405739813008,0.00012083456111594942,118078.99947977957,11121.694900911218,0.0060042143
2025-02-18,132040.61361883575,0.022058079887308197,2262061.442742377,0.1900743728057149,1140.3405739813008,7.739896482703822e-05,119347.93306156342,12692.68055727233,0.016148925
2025-02-19,134221.05551460542,0.01663987337413351,2316107.149262086,0.4093112341610573,1157.0377690719401,0.00012645499466428883,110476.80947923464,23744.246035370787,0.01398623
2025-02-20,137888.26847231068,0.027433944276384938,2346768.3811510955,0.22843831596655145,1172.0377690719401,0.0001117559383100497,125685.91628520479,12202.352187105893,-0.018104553
2025-02-21,141877.14223032873,0.02903861665364116,2388512.495592,0.3027386949114318,1187.2485802556778,0.00011031258389318387,122684.62763154274,19192.514598785994,0.021003008
2025-02-24,139656.7586897797,-0.015509077120941994,2441675.8189631407,0.3747138019233105,1207.2485802556778,0.00014096703447501953,123425.85628836762,16230.902401412068,-0.009534419
2025-02-25,136444.37525258772,-0.022849659318298424,2501899.4760700148,0.4312262268713337,1228.522659888379,0.00015233118563174865,119293.63770737986,17150.737545207852,-0.0129444
2025-02-26,129195.81824907477,-0.0530512377981091,2529334.869407999,0.20107383164161458,1238.5366656618648,7.339258767499824e-05,106063.78290762973,23132.035341445036,-0.04810232
2025-02-27,128874.98433864645,-0.002483314977035798,2529334.869407999,0.0,1238.5366656618648,0.0,105742.94899720141,23132.035341445036,0.0062993765
2025-02-28,133431.35207205196,0.03551013221759259,2581117.4801296606,0.40180498168358164,1258.5366656618648,0.00015518915561957115,116626.02336400772,16805.32870804424,0.029837012
2025-03-03,133044.2333195192,-0.002751368001835982,2630854.221120814,0.3727515326704912,1278.5366656618648,0.00014988980992413346,118118.46257071994,14925.770748799254,0.0022947788
2025-03-04,134978.2373338817,0.014686874925798213,2679091.62152576,0.36256663818790963,1298.5366656618648,0.00015032594424418212,120810.99482997962,14167.242503902084,0.0049903393
2025-03-05,137277.7418047759,0.017147241782162634,2707960.051221506,0.21387469762505157,1313.5366656618648,0.00011112902565838115,127627.7949844467,9649.946820329218,-0.00042635202
2025-03-06,129466.57380788465,-0.05682762474331325,2725454.4229135574,0.12743778752516272,1323.5366656618648,7.284502111217056e-05,119811.81637127472,9654.75743660993,-0.04389453
2025-03-07,131769.82719009326,0.017909785247776422,2772378.7769941855,0.36244377757504537,1339.001817117863,0.0001194528518144534,111640.52383541381,20129.303354679447,0.005073786
2025-03-10,133332.43511028597,0.011972451917363628,2813216.25125225,0.3099152144986234,1354.001817117863,0.00011383486128702863,101701.63913405176,31630.7959762342,0.00879097
2025-03-11,136805.71358999755,0.02619976509708326,2859904.9044687646,0.35016725808612287,1374.001817117863,0.00015000101050773574,108942.85879257855,27862.854797419015,0.024243355
2025-03-12,137414.73689282447,0.00460387110534144,2912933.1285038437,0.38761702741453513,1394.8143861335557,0.00015213230843608773,123850.45861501363,13564.27827781085,-0.004885614
2025-03-13,138564.45352775865,0.00848408240640549,2961548.039599843,0.3537823685818792,1410.935702852621,0.00011731868854531269,116442.48412208291,22121.96940567575,0.008354545
2025-03-14,141507.94986162457,0.021387132546748264,3018598.1813164875,0.4117227778422679,1430.935702852621,0.0001443371621712014,123746.86369130769,17761.086170316878,0.016242623
2025-03-17,138978.15336371117,-0.017725642082685046,3086934.0008095326,0.482911522355233,1452.4129296643202,0.00015177399455437664,119662.86397576332,19315.289387947854,0.00094103813
2025-03-18,140154.60047609193,0.008608886241635487,3141782.3464009017,0.39465444218292967,1472.4129296643202,0.0001439075100361942,123517.86609298016,16636.734383111776,0.00027430058
2025-03-19,136321.49292952972,-0.02720643870133015,3189619.727578722,0.34131866535469546,1492.4129296643202,0.0001426995612849089,121859.95678319808,14461.536146331635,-0.0030038953
2025-03-20,135226.36901561258,-0.007886679428260913,3244306.926276991,0.4011634374231751,1512.4129296643202,0.00014671200828426107,119715.42854029396,15510.940475318619,-0.01151222
2025-03-21,136385.3885283706,0.008681882988535037,3280508.377302068,0.2677099983428308,1527.4129296643202,0.00011092511105040594,124787.6067629758,11597.78176539478,0.0035982132
2025-03-24,135372.03751628552,-0.007318588354134524,3322770.991910843,0.309876410257716,1542.6154255915446,0.0001114671893467679,116210.14977733848,19161.887738947054,-0.009119868
2025-03-25,130041.17639779305,-0.03923047005754993,3377859.9947976926,0.40694521481382107,1562.7678796718471,0.00014886718446472467,113384.8882367956,16656.288160997457,-0.0072921515
2025-03-26,129895.79220311926,-0.0009641884066801139,3429159.10732642,0.3944836085749067,1582.7678796718471,0.0001537974398110676,114652.74306869118,15243.049134428082,-0.002566874
2025-03-27,130576.33780600545,0.00539313545885109,3479913.7582718628,0.39073360333394946,1602.7678796718471,0.0001539695756173981,115772.77248195284,14803.565324052615,0.014867187
2025-03-28,134351.24557910408,0.029062752385785602,3525866.6251650993,0.35192338570183934,1622.7678796718471,0.0001531671077321343,120724.29140787604,13626.95417122806,0.023508787
2025-03-31,134105.27479820617,-0.00168194034914895,3574200.405826813,0.35975684820320897,1642.7678796718471,0.00014886352496244098,120207.96697856623,13897.307819639944,-0.0005130172
2025-04-01,129421.59035429273,-0.03477629385519015,3631745.4364879574,0.42910340959917287,1662.7678796718471,0.0001491365647629807,113395.75926676973,16025.831087522996,-0.014976859
2025-04-02,127056.21419183436,-0.018121985335197037,3685394.667654899,0.4145307673941909,1682.7678796718471,0.00015453372150079308,111427.1185836893,15629.09560814505,-0.01297909
2025-04-03,128750.64657726848,0.01349349495685118,3737896.9366323687,0.4132207882268538,1702.7678796718471,0.00015741064006364325,113468.09534376324,15282.551233505232,0.008482218
2025-04-07,130301.22927110484,0.012198639273580583,3788336.1132754674,0.3917586278902927,1722.7678796718471,0.00015533902571896748,115559.61689064269,14741.612380462147,0.007843018
2025-04-08,131195.79640309658,0.007018868026861792,3835001.05049386,0.3581312124178171,1742.7678796718471,0.00015349049361911994,117422.89751355776,13772.898889538817,0.001282692
2025-04-09,128509.85728336335,-0.020320308979581807,3887021.753516019,0.3965119649285568,1762.7678796718471,0.00015244390863370638,113752.10991543127,14757.747367932077,-0.011722088
2025-04-10,129834.8237294182,0.010465862109621756,3938944.1082632504,0.40403402388614557,1782.7678796718471,0.00015563008490391625,114878.06611172835,14956.757617689853,0.0053589344
2025-04-11,133655.0037428696,0.029577426942516624,3988627.464142983,0.3826658707780497,1802.7678796718471,0.0001540418774063338,119156.2027536523,14498.8009892173,0.023866415
2025-04-14,132972.89666580857,-0.004953851771496785,4040585.2787252753,0.3887457493342397,1822.7678796718471,0.00014963899173185265,118066.30949669424,14906.587169114313,-0.0057904124
2025-04-15,136175.6119492264,0.024235880876666657,4091830.53178604,0.38538118929270015,1842.7678796718471,0.0001504065903765682,121337.44373435558,14838.16821487085,0.0053777695
2025-04-16,134906.26036990262,-0.009174561886967064,4144244.2567639537,0.38489803150256036,1862.7678796718471,0.00014686917660011747,119821.14148988984,15085.118880012793,0.00036549568
2025-04-17,133528.85324134398,-0.010061854244841814,4198824.701882669,0.40458052108967857,1882.7678796718471,0.00014825108890544837,117901.88989469077,15626.963346653196,-0.005530715
2025-04-18,133317.0397855047,-0.0014364944443325883,4249241.3693257095,0.37757133547695637,1902.7678796718471,0.0001497803621802354,118503.16348577724,14813.876299727448,-0.009732008
2025-04-21,129465.64142977181,-0.028738999619982983,4300767.067631137,0.38648996698642113,1922.7678796718471,0.00015001833248156596,114585.32876330844,14880.312666463376,-0.02114153
2025-04-22,130918.06165041859,0.011373057781090774,4351380.2648609765,0.39093922272261566,1942.7678796718471,0.00015448114093536493,116227.68187777918,14690.379772639415,0.005358219
2025-04-23,125679.12746670398,-0.03986412659889789,4401222.792905928,0.3807154445812236,1962.7678796718471,0.00015276730916933837,111204.39305867327,14474.734408030707,-0.023389578
2025-04-24,125845.207029888,0.0014805924176495688,4452867.383174286,0.4109241630599379,1982.7678796718471,0.0001591354141545785,111014.33822498412,14830.868804903881,-0.00056934357
2025-04-25,127973.94686275595,0.017074466986713558,4503019.066344395,0.39851881810801204,2002.7678796718471,0.00015892540107030089,113398.2719295897,14575.67493316625,0.009886622
2025-04-28,128221.4873052282,0.002090585224812761,4553808.140470068,0.3968704206657062,2022.7678796718471,0.0001562818096205843,113560.01302671334,14661.474278514872,0.0051368475
2025-04-29,130437.12525554208,0.017435751193495292,4607548.84499265,0.4191240146408012,2042.7678796718471,0.00015598009678666785,115093.77899407124,15343.34626147084,0.0080477
2025-04-30,129613.82909813548,-0.0061584932651102585,4660747.059778957,0.40784565500109904,2062.7678796718474,0.00015333057947128023,114239.19294455273,15374.636153582747,-0.0066375136
2025-05-06,130151.17652280956,0.004261485279135437,4692216.998160591,0.24279769065234225,2077.7678796718474,0.00011572839182648434,119646.16999449521,10505.006528314347,-0.0052927136
2025-05-07,131912.59489986932,0.01365223118993038,4737984.9554364905,0.3516522746751974,2093.2034541429234,0.00011859727190688053,111892.22979826438,20020.36510160494,0.022531033
2025-05-08,132022.78849210983,0.0009910203292924395,4802369.74163404,0.4880867232308038,2113.737925137902,0.0001556672508077465,113087.05818374742,18935.730308362414,-0.009638846
2025-05-09,130123.29151306383,-0.014236155746387128,4854176.657518141,0.3924088899788464,2133.737925137902,0.00015148899844056297,114254.53420455188,15868.757308511944,-0.011866331
2025-05-12,133302.36186447644,0.02454649213274732,4886003.02996418,0.24458628486848202,2148.737925137902,0.00011527528873256379,122606.41436855694,10695.947495919489,0.0035743713
2025-05-13,130563.21491402219,-0.02043584909038436,4918174.792854286,0.24134428257778287,2163.737925137902,0.0001125261382483976,115313.77562408098,15249.43928994121,-0.01918602
2025-05-14,130348.67409382248,-0.0015283081098386385,4956762.727733353,0.29554982162838195,2178.737925137902,0.00011488687690386395,102417.94825927382,27930.72583454867,0.0015230179
